{"__type__":"cc.SpriteAtlas","_spriteFrames":{"10001":{"__uuid__":"18bF0VNehBY4fDqnbRvV3R"},"10003":{"__uuid__":"cfY3M7EwBKy5Fmn5Di+574"},"10004":{"__uuid__":"23a9m9zvlH9IeCLSRdcdMq"},"10005":{"__uuid__":"aaos+ABc5EOJqs2rUKnCQ5"},"10006":{"__uuid__":"87EuOLrPpNho6LyDU4IyvH"},"10007":{"__uuid__":"057RF5wWJCEoxKi1sBNtL8"},"10009":{"__uuid__":"17X9duipRE84mdZQi+9p5f"},"10010":{"__uuid__":"28gTJdV6tG/IdsVeCHCy7K"},"10011":{"__uuid__":"c3zcoFAvpP54Ospo7GX67s"},"10013":{"__uuid__":"24tX92sKxKRaz7Ui3D4K+f"},"10014":{"__uuid__":"80SF5QbB5LYomEUo3iveUZ"},"10015":{"__uuid__":"5eciZ15cpF86mXjhA0zvia"},"10016":{"__uuid__":"19lwpTXUZD3p7QAsJSHMCp"},"10017":{"__uuid__":"cdeU3LnrhPTYcA5niL+uGk"},"10018":{"__uuid__":"f6wcB99kNKD518SgMjJmmJ"},"10019":{"__uuid__":"26FyVIsHZCH5dUDlmYtrZK"},"10020":{"__uuid__":"4fCLIf+3ZGJYOfPsMuEuCw"},"10021":{"__uuid__":"992EIALIhICrr9xuosaEIW"},"10022":{"__uuid__":"c3ipmY8OlA85aHFFL1sQW2"},"10023":{"__uuid__":"d8vszcol1K54/MG3LKzBCE"},"10024":{"__uuid__":"bdHonc9hFBKrwtw15nanWu"},"10025":{"__uuid__":"14XDXQlGNKnrcN0dk48W49"},"line50":{"__uuid__":"93By5Zm9hB4JWskt8clq9H"},"line40":{"__uuid__":"11ABaZU1tP/4bz3B8c60uv"},"line10":{"__uuid__":"c0FvIo5l5LCJwPdUdVAlHR"},"line20":{"__uuid__":"13FC9wKf1Jj670mign7vie"},"line30":{"__uuid__":"fcwNWDtDNAZIdzSr6rcfzk"}}}