{"__type__":"cc.SpriteAtlas","_spriteFrames":{"bj_js_leijijiang":{"__uuid__":"bbsYl7I6hP7pANxo+X1AvV"},"bj_js_zhongjiang":{"__uuid__":"03dbAlVtxHO6LNjb3cJ7zX"},"biankuang":{"__uuid__":"deK5IVlvpN56vG4FP+ZdvE"},"bt_bj_jiantou":{"__uuid__":"e2LYZPGwRC0JoKncNZQyOW"},"wz_zj_40xian_1":{"__uuid__":"afEmjsYd1Pt7YdbUAAGZI1"},"bt_di":{"__uuid__":"53aMLYxx1BuY07Y2xfepsS"},"dou1":{"__uuid__":"b6t7uqodtFfqbASWhrZBYA"},"wz_zj_40xian_2":{"__uuid__":"42xw5YJ/5HDrv+yNyKYVBJ"},"wz_zj_20xian_1":{"__uuid__":"a8RSCCx4ZDLZgr+AJBLJPo"},"ic_bj_dou":{"__uuid__":"d5UVhE1D5Hcqn0zabgjROC"},"wait":{"__uuid__":"d20kiWispNKZVTU5oCNY/P"},"wz_zj_10xian_1":{"__uuid__":"e53jAyyf9C75sxue/39pub"},"bg_di02":{"__uuid__":"1a5JCZ2sRJxZVGrOd/aNiI"},"wz_zj_20xian_2":{"__uuid__":"d3U5AHnAdIXrFBzdUKUDdW"},"wz_zj_30xian_1":{"__uuid__":"b76/9u6rpFH7d5MK+KN3YM"},"dsp":{"__uuid__":"f9V4MfYp9OzZdocLTVyTK0"},"wz_zj_10xian_2":{"__uuid__":"42dFGsvu1O/IGNVX+ad30g"},"wz_zj_30xian_2":{"__uuid__":"4fnc7vtwZCcosvfiYTz0mH"},"wz_zj_50xian_1":{"__uuid__":"cal9KIyaBMb7AxzgE4oFBL"},"wz_zj_50xian_2":{"__uuid__":"ba0II5G09GZot0FfXasMm7"}}}